MARIA ROSSA FERRE https://www.flickr.com/photos/54943216@N08
Christof Damian http://www.flickr.com/people/60818342@N00
Gertjan R. https://commons.wikimedia.org/wiki/User:Gertjan_R.
Violetamyftari
Albinfo https://commons.wikimedia.org/wiki/User:Albinfo
Tobias Klenze
Kobako https://commons.wikimedia.org/wiki/User:Kobako
Gryffindor https://commons.wikimedia.org/wiki/User:Gryffindor
Roland Geider (Ogre) https://commons.wikimedia.org/wiki/User:Ogre
NÖLB Mh
Andreas Hünnebeck
Jürgen Howaldt https://de.wikipedia.org/wiki/Benutzer:Godewind
Julian Nitzsche https://commons.wikimedia.org/wiki/User:J_budissin
Webmice 
BiHVolim https://commons.wikimedia.org/wiki/User:BiHVolim
dennis and aimee jonez http://flickr.com/photos/50275037@N00/205636585
Raggatt2000
Tropcho https://commons.wikimedia.org/wiki/User:Tropcho
Pudelek (Marcin Szala) https://commons.wikimedia.org/wiki/User:Pudelek
Evgord https://commons.wikimedia.org/wiki/User:Evgord
Zedlik https://commons.wikimedia.org/wiki/User:Zedlik
Daniel Spils http://flickr.com/photos/danielspils/
Thomas Wolf http://www.foto-tw.de/
Nikater https://commons.wikimedia.org/wiki/User:Nikater
ReneS http://www.flickr.com/photos/rene-germany/2126809489
Mikelo http://www.flickr.com/photos/mikelo/144215094/?addedcomment=1#comment72157603298420679
angermann http://www.flickr.com/photos/angermann
Heje https://commons.wikimedia.org/wiki/User:Heje
Abrget47j https://commons.wikimedia.org/wiki/User:Abrget47j
Ivar Leidus https://commons.wikimedia.org/wiki/User:Iifar
khora
Cryonic07 https://commons.wikimedia.org/wiki/User:Cryonic07
Helen Rickard
Berthold Werner
Gustavo Naharro http://flickr.com/photos/11430192@N03
Manuel Martín Vicente
Mikko Paananen https://commons.wikimedia.org/wiki/User:Mikko_Paananen
Karelian pasty https://en.wikipedia.org/wiki/Karjalanpiirakat
Antti Bilund https://commons.wikimedia.org/wiki/User:AB
Erik Christensen https://commons.wikimedia.org/wiki/User:Erik_Christensen
Vincent van Zeijst
Stefan Bauer http://www.ferras.at
Pierre Bona https://commons.wikimedia.org/wiki/User:Pierre_Bona
Hans Hillewaert
Tristan Nitot http://standblog.org/dotclear/images/photo/eiffel-symetrique-400.jpg
Charles Haynes http://www.flickr.com/people/87232391@N00
Lopside
Diliff https://commons.wikimedia.org/wiki/User:Diliff
kloniwotski http://www.flickr.com/people/kloniwotski/
Thincat https://commons.wikimedia.org/wiki/User:Thincat
Man vyi
PHGCOM https://commons.wikimedia.org/wiki/User:PHGCOM
Stablenode
Carole Raddato https://www.flickr.com/people/41523983@N08
Gerard McGovern http://flickr.com/photos/89969871@N00
Christophe Meneboeuf https://commons.wikimedia.org/wiki/User:XtoF
cyclonebill http://www.flickr.com/people/23178876@N03
Tanya Bakogiannis
Sailko https://commons.wikimedia.org/wiki/User:Sailko
Pablo BM http://www.flickr.com/photos/38485468@N00
Jerzy Strzelecki
Carcea Daniel
Takkk https://commons.wikimedia.org/wiki/User:Takkk
txd http://flickr.com/photos/27714061@N00
tisza_ http://indafoto.hu/fototisza
Themightyquill https://commons.wikimedia.org/wiki/User:Themightyquill
Outesticide https://commons.wikimedia.org/wiki/User:Outesticide
Earth explorer https://commons.wikimedia.org/wiki/User:Earth_explorer
{{{1}}} http://www.flickr.com/people/9932433@N04
Ikiwaner https://commons.wikimedia.org/wiki/User:Ikiwaner
EquatorialSky https://en.wikipedia.org/wiki/User:EquatorialSky
Stefan Flöper
Ariost80 
Kglavin https://en.wikipedia.org/wiki/User:Kglavin
Kevin King http://flickr.com/photos/15775662@N00
Finn Bjorklid
Joseph Mischyshyn
Ericbobson
Gregory J Kingsley https://commons.wikimedia.org/wiki/User:Gregory_J_Kingsley
Brad Weber
Árni Friðriksson
Ericoides https://commons.wikimedia.org/wiki/User:Ericoides
Jóhann Heiðar Árnason https://commons.wikimedia.org/wiki/User:J%C3%B3hann_Hei%C3%B0ar_%C3%81rnason
Andreas Tille https://commons.wikimedia.org/wiki/User:Tillea
The blanz
Andy Hawkins http://www.flickr.com/people/35914191@N00
Danrok https://commons.wikimedia.org/wiki/User:Danrok
Man vyi https://commons.wikimedia.org/wiki/User:Man_vyi
Michael Gredenberg https://commons.wikimedia.org/wiki/User:Mschlindwein
böhringer friedrich https://commons.wikimedia.org/wiki/User:B%C3%B6hringer
St9191
Julo https://commons.wikimedia.org/wiki/User:Julo
Jpatokal https://commons.wikimedia.org/wiki/User:Jpatokal
Wojsyl https://commons.wikimedia.org/wiki/User:Wojsyl
Karmen media
Martin Röll Martinroell https://commons.wikimedia.org/wiki/User:Martinroell
Webwalking
Jpatokal https://commons.wikimedia.org/wiki/User:Jpatokal
Nikater https://commons.wikimedia.org/wiki/User:Nikater
Italas https://lt.wikipedia.org/wiki/User:Italas
Wojsyl https://commons.wikimedia.org/wiki/User:Wojsyl
Gatis Pāvils
Katonams
Steve Gregory http://www.flickr.com/people/84488184@N00
Marc Biancheri
Vadim Sterbate https://commons.wikimedia.org/wiki/User:VadimS
Донор https://commons.wikimedia.org/wiki/User:%D0%94%D0%BE%D0%BD%D0%BE%D1%80
Dave Proffer http://www.flickr.com/people/23442653@N00
Themightyquill https://commons.wikimedia.org/wiki/User:Themightyquill
Zauzet juzernejm
lovinkat https://www.flickr.com/people/28272897@N08
Hons084 https://commons.wikimedia.org/wiki/User:Halavar
Bratislav Tabaš
Diego Delso
Milan B. https://en.wikipedia.org/wiki/User:Milan_B.
Don macedone https://commons.wikimedia.org/wiki/User:Don_macedone
Apcbg https://commons.wikimedia.org/wiki/User:Apcbg
Мико https://commons.wikimedia.org/wiki/User:%D0%9C%D0%B8%D0%BA%D0%BE
Photo Balkan https://commons.wikimedia.org/wiki/User:Photo_Balkan
Norum https://en.wikipedia.org/wiki/User:Norum
Inkwina https://commons.wikimedia.org/wiki/User:Inkwina
Frank Vincentz
Anton Farrugia 
Vincent van Zeijst
Gouwenaar https://commons.wikimedia.org/wiki/User:Gouwenaar
Markus Bernet https://commons.wikimedia.org/wiki/User:MRB
N. Winslow
Takeaway https://commons.wikimedia.org/wiki/User:Takeaway
Ximonic (Simo Räsänen) https://commons.wikimedia.org/wiki/User:Ximonic
Olavfin
Petr Šmerkl, Wikipedia https://commons.wikimedia.org/wiki/User:Sveter
Jacek Halicki https://commons.wikimedia.org/wiki/User:Jacek_Halicki
Lemarx
Silar https://commons.wikimedia.org/wiki/User:Silar
ho visto nina volare http://www.flickr.com/people/41099823@N00
Bruno Carlos https://commons.wikimedia.org/wiki/User:Lightscapes
Maria Helena Cardoso
CEphoto, Uwe Aranas
Rosino http://www.flickr.com/people/84301190@N00
Alvesgaspar https://commons.wikimedia.org/wiki/User:Alvesgaspar
Amorphisman https://commons.wikimedia.org/wiki/User:Amorphisman
Bogdan Giuşcă
Marcos56 https://ro.wikipedia.org/wiki/Utilizator:Marcos56
Silar https://commons.wikimedia.org/wiki/User:Silar
Majstor Mile https://en.wikipedia.org/wiki/User:Majstor_Mile
Krumb77
Frotronic
Bjoertvedt https://commons.wikimedia.org/wiki/User:Bjoertvedt
Falk2 https://commons.wikimedia.org/wiki/User:Falk2
Laslovarga https://commons.wikimedia.org/wiki/User:Laslovarga
Petar Milošević https://commons.wikimedia.org/wiki/User:PetarM
Минеева Ю. (Julmin) https://en.wikipedia.org/wiki/Moscow_Kremlin
LxAndrew https://commons.wikimedia.org/wiki/User:LxAndrew
Simm https://commons.wikimedia.org/wiki/User:Simm
Bradmoscu https://commons.wikimedia.org/wiki/User:Bradmoscu
Maarten http://flickr.com/photos/23336697@N00
Holger.Ellgaard https://commons.wikimedia.org/wiki/User:Holger.Ellgaard
Tomhe http://www.flickr.com/photos/tomhe/118866809/in/set-72057594122213908/
Rok https://www.flickr.com/people/93081088@N07
Michael Gäbler https://commons.wikimedia.org/wiki/User:Michael_G%C3%A4bler
Human write https://en.wikipedia.org/wiki/User:Human_write
Mihael Grmek https://commons.wikimedia.org/wiki/User:Meho29
Klemen Brumec
Pudelek (Marcin Szala) https://commons.wikimedia.org/wiki/User:Pudelek
Rafał Kozubek https://commons.wikimedia.org/wiki/User:Rafik_k
Michal Klajban https://commons.wikimedia.org/wiki/User:Podzemnik
Kabelleger / David Gubler https://commons.wikimedia.org/wiki/User:Kabelleger
Pufacz https://commons.wikimedia.org/wiki/User:Pufacz
Nickel Chromo
Kobako https://commons.wikimedia.org/wiki/User:Kobako
Cezar Suceveanu https://commons.wikimedia.org/wiki/User:Cezarika1
Max_Ryazanov
Dobrych http://www.flickr.com/photos/dobrych/
Анна Стрижекінь
Иерей Максим Массалитин http://flickr.com/people/16185355@N00
Håkan Henriksson
Jackpaylor
Jean-Pol GRANDMONT https://commons.wikimedia.org/wiki/User:Jean-Pol_GRANDMONT
Mattes https://commons.wikimedia.org/wiki/User:Mattes
MarkusMark
Zeke https://commons.wikimedia.org/wiki/User:Zeke

